,title
0,1984
1,1st to Die: A Novel
2,2nd Chance
3,4 Blondes
4,84 Charing Cross Road
5,A Bend in the Road
6,A Case of Need
7,"A Child Called \It\"": One Child's Courage to Survive"""
8,A Civil Action
9,A Cry In The Night
10,A Darkness More Than Night
11,A Day Late and a Dollar Short
12,A Fine Balance
13,A Great Deliverance
14,A Heartbreaking Work of Staggering Genius
15,A Is for Alibi (Kinsey Millhone Mysteries (Paperback))
16,A Lesson Before Dying (Vintage Contemporaries (Paperback))
17,A Man Named Dave: A Story of Triumph and Forgiveness
18,A Man in Full
19,A Map of the World
20,A Painted House
21,A Patchwork Planet
22,A Prayer for Owen Meany
23,A Thin Dark Line (Mysteries &amp; Horror)
24,A Thousand Acres (Ballantine Reader's Circle)
25,A Time to Kill
26,A Virtuous Woman (Oprah's Book Club (Paperback))
27,A Walk to Remember
28,A Widow for One Year
29,A Wrinkle In Time
30,A Wrinkle in Time
31,A Year in Provence
32,ANGELA'S ASHES
33,Abduction
34,About a Boy
35,Absolute Power
36,Acceptable Risk
37,Accident
38,Airframe
39,Alaska
40,All Around the Town
41,All Creatures Great and Small
42,All I Really Need to Know
43,All That Remains (Kay Scarpetta Mysteries (Paperback))
44,"All the Pretty Horses (The Border Trilogy, Vol 1)"
45,Along Came a Spider (Alex Cross Novels)
46,American Gods
47,And Then You Die
48,Angela's Ashes (MMP) : A Memoir
49,Angela's Ashes: A Memoir
50,Angels
51,Angels &amp; Demons
52,"Angus, Thongs and Full-Frontal Snogging: Confessions of Georgia Nicolson"
53,Animal Dreams
54,Animal Farm
55,Anne Frank: The Diary of a Young Girl
56,Anne of Avonlea (Anne of Green Gables Novels (Paperback))
57,Anne of Green Gables (Anne of Green Gables Novels (Paperback))
58,Anne of the Island
59,"Artemis Fowl (Artemis Fowl, Book 1)"
60,Ashes to Ashes
61,At Home in Mitford (The Mitford Years)
62,Atonement : A Novel
63,B Is for Burglar (Kinsey Millhone Mysteries (Paperback))
64,Back Roads
65,Bag of Bones
66,Balzac and the Little Chinese Seamstress : A Novel
67,Bastard Out of Carolina
68,Beach House
69,Beach Music
70,Before I Say Good-Bye
71,Bel Canto: A Novel
72,Beloved
73,Beloved (Plume Contemporary Fiction)
74,Betrayal in Death
75,Big Cherry Holler: A Big Stone Gap Novel (Ballantine Reader's Circle)
76,Big Stone Gap: A Novel (Ballantine Reader's Circle)
77,Big Trouble
78,Billy Straight : A Novel
79,Birthright
80,Bittersweet
81,Black House
82,Black Notice
83,Black and Blue
84,Bleachers
85,Blessings
86,Blood Work
87,Blue Diary
88,Body of Evidence (Kay Scarpetta Mysteries (Paperback))
89,Body of Lies
90,Brave New World
91,"Breath, Eyes, Memory"
92,Breathing Lessons
93,Bridge to Terabithia
94,Bridget Jones : The Edge of Reason
95,Bridget Jones's Diary
96,Bridget Jones: The Edge of Reason
97,By the Light of the Moon
98,C Is for Corpse (Kinsey Millhone Mysteries (Paperback))
99,CAT'S EYE
100,Call of the Wild
101,Carnal Innocence
102,Carolina Moon
103,Carrie
104,Cat &amp; Mouse (Alex Cross Novels)
105,Catering to Nobody
106,Cause of Death
107,Certain Prey
108,Charlotte's Web (Trophy Newbery)
109,Charming Billy
110,Chicken Soup for the Soul (Chicken Soup for the Soul)
111,Chicken Soup for the Woman's Soul (Chicken Soup for the Soul Series (Paper))
112,Chocolat
113,Choke
114,Chosen Prey
115,Christine
116,Chromosome 6
117,Circle of Friends
118,Clear and Present Danger (Jack Ryan Novels)
119,Cold Mountain
120,Cold Mountain : A Novel
121,Cold Sassy Tree
122,Colony
123,Coming Home
124,Confessions of a Shopaholic (Summer Display Opportunity)
125,Confessions of an Ugly Stepsister : A Novel
126,Congo
127,Contact
128,Contagion
129,Coraline
130,Couplehood
131,Cradle and All
132,Crazy for You
133,Cruel &amp; Unusual (Kay Scarpetta Mysteries (Paperback))
134,Cry Wolf
135,Cujo
136,D Is for Deadbeat (Kinsey Millhone Mysteries (Paperback))
137,Daddy
138,Daddy's Little Girl
139,Daisy Fay and the Miracle Man
140,Dance upon the Air (Three Sisters Island Trilogy)
141,Dances With Wolves
142,Dangerous
143,Dark Angel
144,Dark Paradise
145,Dark Rivers of the Heart
146,Dawn (Cutler)
147,Dead Run
148,Death du Jour
149,Debt of Honor (Jack Ryan Novels)
150,Deception Point
151,Deck the Halls (Holiday Classics)
152,Degree of Guilt
153,Deja Dead
154,Desperation
155,Devices and Desires
156,Different Seasons
157,Digital Fortress : A Thriller
158,Disclosure
159,Divine Secrets of the Ya-Ya Sisterhood: A Novel
160,Dolores Claiborne
161,Don't Stand Too Close to a Naked Man
162,Don't Sweat the Small Stuff and It's All Small Stuff : Simple Ways to Keep the Little Things from Taking Over Your Life (Don't Sweat the Small Stuff Series)
163,Dr. Atkins' New Diet Revolution
164,Dragon Tears
165,Dragonfly in Amber
166,Dream Country
167,Dreamcatcher
168,Drowning Ruth
169,Drowning Ruth (Oprah's Book Club)
170,Drums of Autumn
171,"Dude, Where's My Country?"
172,Dust to Dust
173,Dying for Chocolate (Culinary Mysteries (Paperback))
174,E Is for Evidence: A Kinsey Millhone Mystery (Kinsey Millhone Mysteries (Paperback))
175,Easy Prey
176,Echoes
177,Ellen Foster
178,Empire Falls
179,Ender's Game (Ender Wiggins Saga (Paperback))
180,Engaging The Enemy
181,Envy
182,Evening Class
183,Everything's Eventual : 14 Dark Tales
184,Exclusive
185,Executive Orders (Jack Ryan Novels)
186,Eyes of Prey
187,Eyes of a Child
188,F Is for Fugitive (Kinsey Millhone Mysteries (Paperback))
189,FORREST GUMP (Movie Tie in)
190,Face the Fire (Three Sisters Island Trilogy)
191,Fahrenheit 451
192,Faking It
193,Fall On Your Knees (Oprah #45)
194,Falling Angels
195,False Memory
196,Family Album
197,Fast Food Nation: The Dark Side of the All-American Meal
198,Fast Women
199,Fat Tuesday
200,Fatal Cure
201,Fatherhood
202,Fear Nothing
203,Final Target
204,Fine Things
205,Fingersmith
206,Five Days in Paris
207,Five Quarters of the Orange
208,Flesh and Blood
209,"Forever... : A Novel of Good and Evil, Love and Hope"
210,Fortune's Rocks : A Novel
211,Fortune's Rocks: A Novel
212,Foucault's Pendulum
213,Four Blind Mice
214,Four Past Midnight
215,Four To Score (A Stephanie Plum Novel)
216,Fried Green Tomatoes at the Whistle Stop Cafe
217,From Potter's Field
218,From the Corner of His Eye
219,Full House (Janet Evanovich's Full Series)
220,Full Tilt (Janet Evanovich's Full Series)
221,G Is for Gumshoe (Kinsey Millhone Mysteries (Paperback))
222,GARDEN OF SHADOWS (Dollanger Saga (Paperback))
223,Gerald's Game
224,Girl in Hyacinth Blue
225,Girl with a Pearl Earring
226,"Girl, Interrupted"
227,Good Omens
228,Good in Bed
229,Gorky Park
230,Granny Dan
231,Guardian Angel
232,Guilty Pleasures (Anita Blake Vampire Hunter (Paperback))
233,Guilty as Sin
234,H Is for Homicide (Kinsey Millhone Mysteries (Paperback))
235,Hannibal
236,Hard Eight : A Stephanie Plum Novel (A Stephanie Plum Novel)
237,Harry Potter and the Chamber of Secrets (Book 2)
238,Harry Potter and the Goblet of Fire (Book 4)
239,Harry Potter and the Order of the Phoenix (Book 5)
240,Harry Potter and the Prisoner of Azkaban (Book 3)
241,Harry Potter and the Sorcerer's Stone (Book 1)
242,Harry Potter and the Sorcerer's Stone (Harry Potter (Paperback))
243,Harvest
244,Heart of the Sea (Irish Trilogy)
245,Heartbeat
246,Heartbreaker
247,Hearts In Atlantis
248,Hearts in Atlantis
249,Heaven and Earth (Three Sisters Island Trilogy)
250,Hemlock Bay
251,Here on Earth
252,Hide &amp; Seek
253,Hideaway
254,High Fidelity
255,High Five (A Stephanie Plum Novel)
256,Holes (Yearling Newbery)
257,Homecoming
258,Homeport
259,Hornet's Nest
260,Hot Six : A Stephanie Plum Novel (A Stephanie Plum Novel)
261,House of Sand and Fog
262,How Stella Got Her Groove Back
263,How to Be Good
264,How to Make an American Quilt
265,I Capture the Castle
266,I Is for Innocent
267,I Know This Much Is True
268,I Know This Much Is True (Oprah's Book Club)
269,I Know Why the Caged Bird Sings
270,I'll Be Seeing You
271,Icebound
272,Icy Sparks
273,If Only It Were True
274,If Tomorrow Comes
275,Impulse
276,In Her Shoes : A Novel
277,Inner Harbor (Quinn Brothers (Paperback))
278,Insomnia
279,Intensity
280,Interview with the Vampire
281,Into Thin Air : A Personal Account of the Mt. Everest Disaster
282,Into the Wild
283,Invasion
284,Irish Hearts
285,Isle of Dogs
286,It
287,It Was on Fire When I Lay Down on It
288,It's Always Something
289,J Is for Judgment
290,Jack &amp; Jill (Alex Cross Novels)
291,Jacob Have I Loved
292,Jemima J: A Novel About Ugly Ducklings and Swans
293,Jewel
294,Jewel (Oprah's Book Club)
295,Jewels of the Sun (Irish Trilogy)
296,Journey
297,Jurassic Park
298,K Is for Killer (Kinsey Millhone Mysteries (Paperback))
299,Kaleidoscope
300,Key of Knowledge (Key Trilogy (Paperback))
301,Key of Light (Key Trilogy (Paperback))
302,"Key of Valor (Roberts, Nora. Key Trilogy, 3.)"
303,Killjoy
304,Kiss the Girls
305,L Is for Lawless
306,Ladder of Years
307,Lake Wobegon Days
308,Lake Wobegon days
309,"Lamb : The Gospel According to Biff, Christ's Childhood Pal"
310,Last Chance Saloon
311,Last Man Standing
312,Left Behind: A Novel of the Earth's Last Days (Left Behind No. 1)
313,Let Me Call You Sweetheart
314,Life of Pi
315,Lightning
316,"Like Water for Chocolate : A Novel in Monthly Installments with Recipes, Romances, and Home Remedies"
317,"Like Water for Chocolate: A Novel in Monthly Installments With Recipes, Romances and Home Remedies"
318,"Like Water for Chocolate: A Novel in Monthly Installments, With Recipes, Romances, and Home Remedies"
319,Little Altars Everywhere: A Novel
320,Long After Midnight
321,Lord of the Flies
322,Love in the Time of Cholera (Penguin Great Books of the 20th Century)
323,"Loves Music, Loves to Dance"
324,Lucky : A Memoir
325,Lucky Man: A Memoir
326,M Is for Malice
327,Macgregor Brides (Macgregors)
328,Macgregor Grooms (Macgregors)
329,Master of the Game
330,Matilda
331,Me Talk Pretty One Day
332,"Men Are from Mars, Women Are from Venus: A Practical Guide for Improving Communication and Getting What You Want in Your Relationships"
333,Mercy
334,Message from Nam
335,Message in a Bottle
336,Middlesex: A Novel
337,Midnight
338,Midnight Bayou
339,Midnight in the Garden of Good and Evil
340,Midnight in the Garden of Good and Evil: A Savannah Story
341,Midwives: A Novel
342,Mind Prey
343,Mirror Image
344,Misery
345,Miss Julia Speaks Her Mind : A Novel
346,Monster : A Novel (Alex Delaware Novels (Paperback))
347,Montana Sky
348,Moo
349,Moonlight Becomes You
350,Morality for Beautiful Girls (No.1 Ladies Detective Agency)
351,Mortal Fear
352,Mortal Prey
353,Mother of Pearl
354,Mr. Murder
355,My Gal Sunday
356,Mystic River
357,N Is for Noose
358,Naked
359,Needful Things
360,Nerd in Shining Armor
361,Neuromancer (Remembering Tomorrow)
362,Neverwhere
363,Nickel and Dimed: On (Not) Getting By in America
364,Nicolae: The Rise of Antichrist (Left Behind No. 3)
365,Night
366,Night Prey
367,Night Sins
368,Night Whispers
369,Nightmares &amp; Dreamscapes
370,Nights in Rodanthe
371,No Greater Love
372,No Safe Place
373,Notes from a Small Island
374,Nothing Lasts Forever
375,Now You See Her
376,On the Street Where You Live
377,One Door Away from Heaven
378,One True Thing
379,One for the Money (A Stephanie Plum Novel)
380,One for the Money (Stephanie Plum Novels (Paperback))
381,Oryx and Crake
382,Outlander
383,Over the Edge
384,P Is for Peril
385,Paradise
386,Patriot Games (Jack Ryan Novels)
387,Pay It Forward
388,Peace Like a River
389,Pet Sematary
390,Phantoms
391,Pigs in Heaven
392,Plainsong (Vintage Contemporaries)
393,Pleading Guilty
394,Plum Island
395,Point of Origin
396,Politically Correct Bedtime Stories: Modern Tales for Our Life and Times
397,Pop Goes the Weasel
398,Portrait in Death
399,Possession : A Romance
400,Postmortem
401,Practical Magic
402,Presumed Innocent
403,Pretend You Don't See Her
404,Pride and Prejudice
405,Primary Colors: A Novel of Politics
406,Prime Cut
407,Prodigal Summer
408,Prodigal Summer: A Novel
409,Purity in Death
410,Q Is for Quarry
411,Quentins
412,Rainbow Six
413,Range of Motion
414,Reap the Wind
415,Rebecca
416,Red Dragon
417,Red Storm Rising
418,Remember Me
419,Riptide
420,Rising Sun
421,Rising Tides
422,River's End
423,"River, Cross My Heart"
424,Rose Madder
425,Roses Are Red (Alex Cross Novels)
426,Rules of Prey
427,SHIPPING NEWS
428,STONES FROM THE RIVER
429,Sacred Sins
430,Saint Maybe
431,Sanctuary
432,Saving Faith
433,Scarlet Feather
434,"Scarlett : The Sequel to Margaret Mitchell's \Gone With the Wind\"""""
435,Schindler's List
436,Sea Glass: A Novel
437,Sea Swept (Quinn Brothers (Paperback))
438,Seabiscuit
439,Seabiscuit: An American Legend
440,Second Nature
441,Secret History
442,Secrets
443,Seize the Night
444,September
445,Seven Habits Of Highly Effective People
446,Seven Up (A Stephanie Plum Novel)
447,Shadow Prey
448,Shadowfires
449,Shattered
450,She's Come Undone (Oprah's Book Club (Paperback))
451,She's Come Undone (Oprah's Book Club)
452,Shell Seekers
453,Shopaholic Takes Manhattan (Summer Display Opportunity)
454,Shopaholic Ties the Knot
455,Sick Puppy
456,Silence of the Lambs
457,Silent Witness
458,Sisterhood of the Traveling Pants
459,Skeleton Crew
460,Skipping Christmas
461,Slammerkin
462,Slaughterhouse Five or the Children's Crusade: A Duty Dance With Death
463,Sleepers
464,Slow Waltz in Cedar Bend
465,Small Town Girl
466,Smart Women
467,Smilla's Sense of Snow
468,Snow Falling on Cedars
469,Sole Survivor
470,Song of Solomon (Oprah's Book Club (Paperback))
471,Songs in Ordinary Time (Oprah's Book Club (Paperback))
472,Sophie's World: A Novel About the History of Philosophy
473,Southern Cross
474,Sphere
475,Standoff
476,Stanislaski Brothers (Silhouette Promo)
477,Still Waters
478,Stillwatch
479,Strangers
480,Stupid White Men ...and Other Sorry Excuses for the State of the Nation!
481,Sudden Prey
482,Summer Pleasures
483,Summer Sisters
484,Suzanne's Diary for Nicholas
485,Table For Two
486,Tales of a Fourth Grade Nothing
487,Taltos: Lives of the Mayfair Witches
488,Tara Road
489,Tears of the Giraffe (No.1 Ladies Detective Agency)
490,Tears of the Moon (Irish Trilogy)
491,Tell Me Lies (Tell Me Lies)
492,Tell Me Your Dreams
493,Tell No One
494,Temptation
495,That Camden Summer
496,The Accidental Tourist
497,The Alchemist: A Fable About Following Your Dream
498,The Alibi
499,The Alienist
500,The Amazing Adventures of Kavalier &amp; Clay
501,"The Amber Spyglass (His Dark Materials, Book 3)"
502,The Andromeda Strain
503,The Angel of Darkness
504,The Apprentice
505,The Bachelor (Warner Books Contemporary Romance)
506,"The Bad Beginning (A Series of Unfortunate Events, Book 1)"
507,The Bad Place
508,The Beach House
509,The Bean Trees
510,The Blind Assassin
511,The Blue Nowhere : A Novel
512,The Bluest Eye
513,The Body Farm
514,The Bonesetter's Daughter
515,The Bonfire of the Vanities
516,The Book of Ruth (Oprah's Book Club (Paperback))
517,The Bourne Identity
518,The Bourne Supremacy
519,The Bourne Ultimatum
520,The Boy Next Door
521,The Brethren
522,The Bridges of Madison County
523,The Burden of Proof
524,The Cardinal of the Kremlin (Jack Ryan Novels)
525,The Carousel
526,The Catcher in the Rye
527,The Celestine Prophecy (Celestine Prophecy)
528,The Chamber
529,The Cider House Rules
530,The Clan of the Cave Bear (Earth's Children (Paperback))
531,The Client
532,The Clinic (Alex Delaware Novels (Paperback))
533,The Color Purple
534,The Color of Water: A Black Man's Tribute to His White Mother
535,The Copper Beech
536,The Cradle Will Fall
537,The Crimson Petal and the White
538,The Da Vinci Code
539,The Dark Half
540,The Dead Zone
541,The Deep End of the Ocean
542,The Devil Wears Prada : A Novel
543,The Diary of Ellen Rimbauer: My Life at Rose Red
544,The Divine Secrets of the Ya-Ya Sisterhood: A Novel
545,The Dogs of Babel (Today Show Book Club #12)
546,The Door to December
547,"The Drawing of the Three (The Dark Tower, Book 2)"
548,The Edge
549,The Eight
550,The Empty Chair
551,The English Patient
552,The Eyre Affair: A Novel
553,The Face of Deception
554,"The Fellowship of the Ring (The Lord of the Rings, Part 1)"
555,The Firm
556,The First Counsel
557,The First Wives Club Movie Tie In
558,The Five People You Meet in Heaven
559,The Fourth Hand
560,The General's Daughter
561,The Genesis Code
562,The Ghost
563,The Gift
564,The Girl Who Loved Tom Gordon
565,The Girls' Guide to Hunting and Fishing
566,The Giver (21st Century Reference)
567,The Glass Lake
568,The God of Small Things
569,"The Golden Compass (His Dark Materials, Book 1)"
570,The Great Gatsby
571,The Green Mile
572,The Grilling Season
573,The Guardian
574,"The Gunslinger (The Dark Tower, Book 1)"
575,The Handmaid's Tale
576,The Hitchhiker's Guide to the Galaxy
577,The Hobbit : The Enchanting Prelude to The Lord of the Rings
578,The Honk and Holler Opening Soon
579,The Horse Whisperer
580,The Hot Zone
581,The Hours : A Novel
582,The Hours: A Novel
583,The House of the Spirits
584,The Hundred Secret Senses
585,The Hunt for Red October
586,The Idiot Girls' Action Adventure Club
587,The Jester
588,The Joy Luck Club
589,The Killing Game: Only One Can Win...and the Loser Dies
590,The King of Torts
591,The Kiss
592,The Kitchen God's Wife
593,The Last Precinct
594,The Last Time They Met : A Novel
595,The Little Friend
596,The Little Prince
597,The Long Road Home
598,The Loop
599,The Lost Boy: A Foster Child's Search for the Love of a Family
600,The Lost World
601,The Lottery Winner : Alvirah And Willy Stories
602,The Lovely Bones: A Novel
603,The Mists of Avalon
604,The Most Wanted
605,The Mulberry Tree
606,The Mummy or Ramses the Damned
607,The Murder Book
608,The Nanny Diaries: A Novel
609,The Next Accident
610,The No. 1 Ladies' Detective Agency (Today Show Book Club #8)
611,The Notebook
612,The Other Boleyn Girl
613,The Partner
614,The Pelican Brief
615,The Perfect Storm : A True Story of Men Against the Sea
616,The Phantom Tollbooth
617,The Pillars of the Earth
618,The Pilot's Wife : A Novel
619,The Plains of Passage (Earth's Children (Paperback))
620,The Poisonwood Bible
621,The Poisonwood Bible: A Novel
622,The Prince of Tides
623,The Princess Bride: S Morgenstern's Classic Tale of True Love and High Adventure
624,The Promise
625,The Pull of the Moon
626,The Queen of the Damned (Vampire Chronicles (Paperback))
627,The Rainmaker
628,The Rapture of Canaan
629,The Reader
630,The Red Tent (Bestselling Backlist)
631,The Reef
632,The Regulators
633,"The Reptile Room (A Series of Unfortunate Events, Book 2)"
634,The Rescue
635,The Return Journey
636,"The Return of the King (The Lord of the Rings, Part 3)"
637,The Robber Bride
638,The Runaway Jury
639,The Sands of Time
640,The Saving Graces: A Novel
641,The Search
642,The Secret Garden
643,The Secret Life of Bees
644,The Shining
645,The Shipping News : A Novel
646,The Simple Truth
647,The Smoke Jumper
648,The Stone Diaries
649,The Street Lawyer
650,"The Subtle Knife (His Dark Materials, Book 2)"
651,The Sum of All Fears (Jack Ryan Novels)
652,The Summerhouse
653,The Summons
654,The Surgeon
655,The Sweet Potato Queens' Book of Love
656,The Switch
657,The Tale of the Body Thief (Vampire Chronicles (Paperback))
658,The Talisman
659,The Tao of Pooh
660,The Temple of My Familiar
661,The Terminal Man
662,The Testament
663,The Thorn Birds
664,The Tommyknockers
665,"The Two Towers (The Lord of the Rings, Part 2)"
666,The Ugly Duckling
667,The Valley of Horses
668,"The Vampire Lestat (Vampire Chronicles, Book II)"
669,The Villa
670,The Virgin Suicides
671,The Wedding
672,The Weight of Water : A Novel Tag: Author of Resistance and Strange Fits of Passion
673,The Winner
674,The Witching Hour (Lives of the Mayfair Witches)
675,The Witness
676,The Woman Next Door
677,Thinner
678,Three Fates
679,Three Junes
680,Three To Get Deadly : A Stephanie Plum Novel (A Stephanie Plum Novel)
681,Timeline
682,Tis : A Memoir
683,Tis: A Memoir
684,To Kill a Mockingbird
685,To the Nines: A Stephanie Plum Novel
686,Tom Clancy's Op-Center (Tom Clancy's Op Center (Paperback))
687,Touching Evil
688,Tough Cookie
689,Toxin
690,Tribulation Force: The Continuing Drama of Those Left Behind (Left Behind No. 2)
691,"Truly, Madly Manhattan"
692,"Tuesdays with Morrie: An Old Man, a Young Man, and Life's Greatest Lesson"
693,Turtle Moon
694,Two for the Dough
695,Under the Tuscan Sun
696,Unnatural Exposure
697,Unspeakable
698,Vanished
699,Vector
700,Vinegar Hill (Oprah's Book Club (Paperback))
701,Violets Are Blue
702,Violin
703,Vittorio the Vampire: New Tales of the Vampires
704,Voyager
705,WLD ACCORDNG GARP
706,Waiting to Exhale
707,Wanderlust
708,Watchers
709,Watermelon
710,Watership Down
711,We Were the Mulvaneys
712,We'll Meet Again
713,Weep No More My Lady
714,Welcome to Temptation
715,"Welcome to the World, Baby Girl!"
716,What Looks Like Crazy On An Ordinary Day
717,What to Expect When You're Expecting (Revised Edition)
718,When the Wind Blows
719,Where the Heart Is (Oprah's Book Club (Paperback))
720,Where the Red Fern Grows
721,While I Was Gone
722,While My Pretty One Sleeps
723,"Whirlwind (Tyler, Book 1)"
724,Whispers
725,White Oleander : A Novel
726,White Oleander : A Novel (Oprah's Book Club)
727,White Teeth: A Novel
728,Wicked: The Life and Times of the Wicked Witch of the West
729,Wifey
730,Wild Animus
731,Winter Moon
732,Winter Solstice
733,Wish You Well
734,Without Remorse
735,"Wizard and Glass (The Dark Tower, Book 4)"
736,Wuthering Heights
737,Year of Wonders
738,You Belong To Me
739,Zen and the Art of Motorcycle Maintenance: An Inquiry into Values
740,Zoya
741,"\O\"" Is for Outlaw"""
